,Rk_conversions,Tm,3DAtt,3DConv,3D%,4DAtt,4DConv,4D%,RZAtt,RZTD,RZPct,Rk_conversions_against,3DAtt_against,3DConv_against,3D%_against,4DAtt_against,4DConv_against,4D%_against,RZAtt_against,RZTD_against,RZPct_against,Rk_drive_averages,#Dr,Plays,Sc%_x,TO%_x,Avg_plays,Avg_yards,Avg_start,Avg_time,Avg_pts,Rk_drive_averages_against,#Dr_against,Plays_against,Sc%_against,TO%_against,Avg_plays_against,Avg_yards_against,Avg_start_against,Avg_time_against,Avg_pts_against,Rk_kick_and_punt_returns_against,Punt_Returns_Against,Punt_return_yds_against,Punt_return_TD_against,Punt_return_Y/R_against,Kick_return_against,Kick_return_yds_against,Kick_return_TD_against,Kick_return_Y/Rt_against,Rk_kick_and_punt_returns,Punt_Returns,Punt_return_yds,Punt_return_TD,Punt_return_lng,Punt_return_Y/R,Kick_return,Kick_return_yds,Kick_return_TD,Kick_return_lng,Kick_return_Y/Rt,Kick_return_APYd,Rk_FG,FGA_x,FGM_x,FG%,XPA_x,XPM_x,XP%,Rk_passing_defense,Cmp_allowed,Att_allowed_passing_x,Cmp%_allowed,Passing_yds_allowed,Passing_TDs_allowed,Passing_TD%_allowed,Int_x,Passes_defended,Int%,Y/A_passing_allowed,AY/A_passing_allowed,Y/C_passing_allowed,Y/G_passing_allowed,Rate_allowed,Sk_x,SkYds,QBHits,TFL,Sk%,NY/A_passing_allowed,EXP_passing_defense,Rk_passing,Cmp,Passing_Att,Cmp%,Passing_yds,Passing_tds,Passing_td%,Int_thrown,Int%_thrown,Passing_lng,Y/A_passing,AY/A_passing,Y/C_passing,Y/G_passing,rate,Sk_allowed,SkYds_allowed,Sk%_allowed,NY/A_passing_x,ANY/A_passing,4QC,GWD,EXP_passing,punting_rk,Pnt,Pnt_Yds_total,Y/P_x,RetYds,Net,NY/P,Lng,TB,TB%,In20,In20%,Blk_allowed,Punting_against_rk,Pnt_against,Pnt_Yds_against,Y/P_against,Blk,Rk_rushing_allowed,Rushing_att_allowed_x,Rushing_Yds_allowed_x,Rushing_Tds_allowed_x,Y/A_rushing_allowed_x,Y/G_rushing_allowed,EXP_rushing_allowed,Rk_rushing,Rushing_Att_x,Rushing_yds,Rushing_tds,Lng_rushing,Y/A_rushing,Y/G_rushing,Fmb,EXP_rushing,Rk_scoring_defense,RshTD_allowed,RecTD_allowed,PR_TD_allowed,KR_TD_allowed,FblTD_allowed,IntTD_allowed,OthTD_allowed,AllTD_allowed,2PM_allowed,2PA_allowed,D2P_allowed,XPM_allowed,XPA_allowed,FGM_allowed,FGA_allowed,Sfty_allowed,Pts_allowed,Pts/G_allowed,Rk_scoring_offense,RshTd,RecTd,PR_TD,KR_TD,FblTD,IntTD,OthTD,AllTD,2PM,2PA,D2P,XPM_y,XPA_y,FGM_y,FGA_y,Sfty,Pts,Pts/G,Att_allowed_passing_y,Cmp_allowed_passing_x,Yds_allowed_passing_x,TD_allowed_passing,DADOT,Air_yards_Cmp,YAC_allowed,Bltz,Bltz%,Hrry,Hrry%,QBKD,QBKD%,Sk_y,Prss,Prss%,MTkl,Rk_team_defense,PA,Yds_allowed,Ply_allowed,Y/P_allowed,Takeaways,FL_forced,1stD_allowed,Cmp_allowed_passing_y,Att_allowed_passing,Yds_allowed_passing_y,TDs_allowed_passing,Int_y,NY/A_allowed_passing,1stD_allowed_passing,Rushing_att_allowed_y,Rushing_Yds_allowed_y,Rushing_Tds_allowed_y,Y/A_rushing_allowed_y,1stD_allowed_rushing,Pen_defense,Pen_yds_defense,1stPy_defense,Sc%_allowed,TO%_y,EXP_allowed,Rk_team_offense,PF,Yds,Ply,Y/P_y,TO_allowed,FL_allowed,1stD,Cmp_passing,Att_passing,Passing_Yds,Passing_TDs,Int_allowed,NY/A_passing_y,1stD_passing,Rushing_Att_y,Rushing_Yds,RushingTDs,Rushing_Y/A,Rushing_1stD,Pen_offense,Pen_Yds_offense,1stPy_offense,Sc%_y,TO%_allowed,EXP
0,1,San Francisco 49ers,70,32,45.7%,8,6,75.0%,19,8,42.1%,5,60,20,33.3%,8,6,75.0%,16,9,56.3%,15,53,362,41.5,15.1,6.8,35.5,Own 28.5,3:03,2.00,15,52,319,32.7,9.6,6.1,30.2,Own 31.2,2:47,1.75,23,8,151,1,18.9,18,481,0,26.7,11,10,82,0,18,8.2,14,320,0,38,22.9,2319,21,11,7,63.6%,10,9,90.0%,15.0,114.0,170.0,67.1,1038.0,8.0,4.7,,17.0,,6.3,7.3,9.5,207.6,100.1,6.0,41.0,13.0,25.0,3.4,5.9,-26.45,1.0,134.0,202.0,66.3,1453.0,10.0,5.0,5.0,2.5,45.0,7.4,7.3,11.1,290.6,94.3,7.0,38.0,3.3,7.0,6.8,2.0,3.0,51.23,27,15,656,43.7,151,505,33.7,54,0,0.0%,7,46.7%,0,7,21,1035,49.3,0,17.0,132.0,540.0,2.0,4.1,108.0,6.7,28.0,139.0,426.0,0.0,19.0,3.1,85.2,6.0,-21.7,6.0,2.0,8.0,1.0,,,,,11.0,,1.0,,9.0,10.0,7.0,11.0,1.0,98.0,19.6,6.0,,10.0,,,,,,10.0,1.0,1.0,,8.0,9.0,12.0,14.0,,106.0,21.2,170.0,114.0,1038.0,8.0,8.3,668.0,411.0,29.0,15.6%,5.0,2.7%,8.0,4.7%,6.0,19.0,10.2%,28.0,8,98,1578,308,5.1,5,5,96,114,170,1038,8,0,5.9,52,132,540,2,4.1,32,33,231,12,32.7,9.6,-13.63,20,106,1879,348,5.4,8,3,115,134,202,1453,10,5,7,80,139,426,0,3.1,25,32,268,10,41.5,15.1,26.95
1,2,Los Angeles Chargers,69,32,46.4%,5,3,60.0%,13,5,38.5%,19,67,25,37.3%,9,6,66.7%,18,7,38.9%,21,50,327,38.0,12.0,6.5,35.1,Own 27.2,3:07,1.94,9,49,307,42.9,8.2,6.3,29.9,Own 31.6,2:56,2.02,17,7,92,0,13.1,21,578,0,27.5,19,8,82,0,33,10.3,18,435,0,30,24.2,2375,8,12,12,100.0%,7,6,85.7%,6.0,91.0,154.0,59.1,861.0,4.0,2.6,3.0,26.0,1.9,6.1,5.8,10.3,172.2,77.3,14.0,80.0,27.0,28.0,8.3,5.1,-4.57,11.0,120.0,182.0,65.9,1177.0,8.0,4.4,4.0,2.2,60.0,7.0,6.9,10.6,235.4,91.7,17.0,96.0,8.5,5.9,5.8,1.0,1.0,11.08,19,17,853,50.2,92,741,43.6,60,1,5.9%,6,35.3%,0,15,19,905,47.6,0,19.0,127.0,608.0,5.0,4.8,121.6,-6.49,13.0,119.0,584.0,2.0,54.0,4.9,116.8,6.0,6.75,7.0,5.0,4.0,,,,,,9.0,1.0,2.0,,6.0,7.0,12.0,12.0,,98.0,19.6,7.0,2.0,8.0,,,,,,10.0,1.0,1.0,,9.0,9.0,9.0,9.0,,98.0,19.6,154.0,91.0,861.0,4.0,7.8,407.0,534.0,38.0,20.1%,14.0,7.4%,13.0,8.4%,14.0,41.0,21.7%,27.0,9,98,1469,295,5,4,1,84,91,154,861,4,3,5.1,37,127,608,5,4.8,36,40,299,11,42.9,8.2,-3.83,25,98,1761,318,5.5,7,3,101,120,182,1177,8,4,5.9,60,119,584,2,4.9,30,39,299,11,38,12,8.65
2,3,New York Giants,81,32,39.5%,14,6,42.9%,22,9,40.9%,27,76,30,39.5%,4,4,100.0%,17,10,58.8%,2,61,402,36.1,13.1,6.6,32.2,Own 33.1,3:07,2.00,32,65,405,41.5,7.7,6.2,34.2,Own 24.9,2:46,2.11,2,10,47,0,4.7,25,542,0,21.7,2,13,121,0,21,9.3,26,706,0,46,27.2,3035,14,16,13,81.3%,14,13,92.9%,25.0,124.0,192.0,64.6,1186.0,6.0,3.1,3.0,28.0,1.6,6.6,6.5,10.2,237.2,87.3,10.0,79.0,32.0,26.0,5.0,5.9,-32.49,7.0,122.0,197.0,61.9,1212.0,7.0,3.6,5.0,2.5,52.0,6.6,6.1,10.6,202.0,82.3,16.0,82.0,7.5,5.7,5.3,,,8.25,8,22,973,44.2,47,886,40.3,69,2,9.1%,9,40.9%,0,24,23,1116,48.5,0,30.0,151.0,773.0,7.0,5.1,128.8,-19.22,3.0,181.0,757.0,7.0,24.0,4.2,126.2,7.0,7.66,20.0,7.0,7.0,,,1.0,,,15.0,1.0,1.0,,13.0,14.0,13.0,16.0,,144.0,24.0,20.0,7.0,7.0,,,,,,14.0,1.0,1.0,,11.0,13.0,8.0,8.0,,121.0,20.2,192.0,124.0,1186.0,6.0,7.7,732.0,533.0,57.0,26.9%,11.0,5.2%,21.0,10.9%,10.0,42.0,19.8%,22.0,23,127,1886,333,5.7,3,0,114,124,192,1186,6,3,5.9,60,131,700,6,5.3,36,53,430,18,43.6,5.5,-49.24,15,121,1969,394,5,8,3,126,122,197,1212,7,5,5.7,55,181,757,7,4.2,54,49,470,17,36.1,13.1,8.46
3,4,Green Bay Packers,54,29,53.7%,3,2,66.7%,17,12,70.6%,3,55,18,32.7%,10,6,60.0%,12,7,58.3%,31,42,259,45.2,4.8,6.2,33.1,Own 30.0,3:01,2.50,3,40,262,37.5,5,6.6,28.3,Own 30.9,3:05,2.03,32,7,84,0,12,16,449,0,28.1,7,11,57,0,20,5.2,10,258,0,35,25.8,1773,13,8,6,75.0%,8,8,100.0%,4.0,107.0,157.0,68.2,823.0,6.0,3.8,2.0,17.0,1.3,5.6,5.8,8.3,205.8,89.8,11.0,63.0,35.0,18.0,6.5,4.9,-15.1,25.0,84.0,121.0,69.4,931.0,8.0,6.6,1.0,0.8,57.0,8.3,9.2,11.9,232.8,113.0,8.0,69.0,6.2,7.2,8.1,1.0,0.0,44.38,29,14,725,51.8,84,601,42.9,65,2,14.3%,4,28.6%,0,5,17,810,47.6,0,1.0,86.0,310.0,3.0,3.6,77.5,6.34,26.0,121.0,458.0,4.0,25.0,3.8,114.5,2.0,1.31,11.0,3.0,6.0,,,,,,9.0,1.0,1.0,,8.0,8.0,6.0,8.0,,84.0,21.0,11.0,4.0,8.0,,,,,,12.0,,0.0,,11.0,12.0,7.0,9.0,,104.0,26.0,157.0,107.0,823.0,6.0,6.7,454.0,432.0,32.0,18.4%,12.0,6.9%,20.0,12.7%,11.0,43.0,24.7%,24.0,3,84,1133,254,4.5,2,0,72,107,157,823,6,2,4.9,47,86,310,3,3.6,18,31,255,7,37.5,5,-4.42,21,104,1389,250,5.6,2,1,82,84,121,931,8,1,7.2,46,121,458,4,3.8,25,35,245,11,45.2,4.8,40.93
4,5,Miami Dolphins,60,28,46.7%,7,4,57.1%,13,10,76.9%,24,58,29,50.0%,8,7,87.5%,21,12,57.1%,30,43,271,39.5,11.6,6.3,32.3,Own 32.1,3:09,2.30,4,45,316,57.8,8.9,7,42.6,Own 26.5,3:39,3.07,30,4,41,0,10.3,20,568,1,28.4,20,7,144,1,74,20.6,26,667,0,54,25.7,2269,4,12,11,91.7%,14,12,85.7%,18.0,102.0,137.0,74.5,1062.0,9.0,6.6,1.0,14.0,0.7,8.3,9.3,11.2,212.4,117.6,11.0,77.0,18.0,18.0,7.4,7.2,-60.18,19.0,111.0,158.0,70.3,982.0,10.0,6.3,4.0,2.5,47.0,6.6,6.7,9.4,196.4,98.6,11.0,58.0,6.5,5.8,5.9,,,21.08,16,17,834,49.1,41,790,46.5,64,0,0.0%,9,52.9%,0,20,9,476,52.9,0,32.0,156.0,871.0,6.0,5.6,174.2,-19.6,29.0,97.0,411.0,2.0,26.0,4.2,82.2,4.0,4.06,27.0,6.0,9.0,,1.0,,,,16.0,2.0,2.0,,12.0,14.0,11.0,12.0,,145.0,29.0,27.0,2.0,10.0,1.0,,,,,13.0,1.0,1.0,,12.0,12.0,5.0,5.0,,107.0,21.4,137.0,102.0,1062.0,9.0,6.6,579.0,560.0,56.0,34.1%,14.0,8.5%,3.0,2.2%,11.0,28.0,17.1%,27.0,28,145,1933,304,6.4,5,4,117,102,137,1062,9,1,7.2,59,156,871,6,5.6,44,40,302,14,57.8,8.9,-70.98,19,107,1393,266,5.2,5,1,81,111,158,982,10,4,5.8,60,97,411,2,4.2,19,34,241,2,39.5,11.6,23.65
5,6,Indianapolis Colts,58,27,46.6%,8,6,75.0%,25,15,60.0%,21,59,26,44.1%,8,4,50.0%,13,8,61.5%,29,44,299,63.6,6.8,6.8,41.8,Own 32.9,3:23,3.27,7,46,310,34.8,17.4,6.7,34.2,Own 29.7,3:10,1.91,12,2,8,0,4,27,675,0,25,31,4,35,0,16,8.8,16,436,0,39,27.3,2510,30,10,6,60.0%,9,9,100.0%,20.0,118.0,176.0,67.0,1085.0,8.0,4.5,6.0,25.0,3.4,6.7,6.0,9.9,217.0,86.7,14.0,89.0,27.0,27.0,7.4,5.7,-14.89,4.0,108.0,153.0,70.6,1265.0,6.0,3.9,2.0,1.3,75.0,8.5,8.7,12.0,253.0,103.9,4.0,34.0,2.5,8.1,8.2,1.0,1.0,65.02,32,7,356,50.9,8,348,49.7,56,0,0.0%,5,71.4%,0,1,11,469,42.6,1,14.0,110.0,490.0,2.0,4.5,98.0,-0.05,9.0,146.0,641.0,11.0,68.0,4.4,128.2,3.0,22.42,3.0,2.0,8.0,,,,,,10.0,1.0,1.0,,9.0,9.0,6.0,10.0,,89.0,17.8,3.0,11.0,6.0,,,,1.0,,18.0,1.0,4.0,,14.0,14.0,13.0,14.0,,163.0,32.6,176.0,118.0,1085.0,8.0,6.8,575.0,575.0,46.0,23.1%,9.0,4.5%,10.0,5.7%,14.0,33.0,16.6%,30.0,5,89,1575,300,5.3,8,2,102,118,176,1085,8,6,5.7,58,110,490,2,4.5,31,32,294,13,34.8,17.4,-12.36,2,163,1906,303,6.3,3,1,116,108,153,1265,6,2,8.1,63,146,641,11,4.4,39,39,301,14,63.6,6.8,79.78
6,7,Arizona Cardinals,68,27,39.7%,4,4,100.0%,17,10,58.8%,11,67,23,34.3%,10,5,50.0%,17,8,47.1%,20,50,311,36.0,10.0,6.2,28.8,Own 30.1,3:07,1.88,20,53,351,37.7,9.4,6.6,32.7,Own 27.8,2:44,1.74,6,11,99,0,9,21,560,0,26.7,18,8,98,0,29,12.3,20,491,0,36,24.6,2162,15,14,12,85.7%,7,6,85.7%,29.0,128.0,207.0,61.8,1271.0,5.0,2.4,3.0,33.0,1.4,6.4,6.3,10.4,254.2,82.5,10.0,62.0,27.0,25.0,4.6,5.9,-31.73,30.0,110.0,162.0,67.9,851.0,6.0,3.7,3.0,1.9,45.0,5.9,5.8,8.7,170.2,88.0,16.0,111.0,9.0,4.8,4.7,,,19.66,9,22,1138,51.7,99,999,45.4,63,2,9.1%,8,36.4%,0,25,17,843,49.6,0,10.0,120.0,462.0,3.0,3.9,92.4,14.0,12.0,123.0,591.0,4.0,71.0,4.8,118.2,4.0,-1.99,4.0,3.0,5.0,,,1.0,,,9.0,,2.0,,6.0,7.0,12.0,14.0,,96.0,19.2,4.0,4.0,6.0,,,1.0,,,11.0,,0.0,,11.0,11.0,8.0,10.0,1.0,103.0,20.6,207.0,128.0,1271.0,5.0,8.1,816.0,509.0,42.0,18.9%,10.0,4.5%,15.0,7.2%,10.0,35.0,15.8%,28.0,6,96,1733,337,5.1,6,3,106,128,207,1271,5,3,5.9,68,120,462,3,3.9,25,37,350,13,37.7,9.4,-9.37,22,103,1442,301,4.8,6,3,85,110,162,851,6,3,4.8,50,123,591,4,4.8,26,41,273,9,36,10,12.64
7,8,Las Vegas Raiders,67,27,40.3%,9,4,44.4%,14,5,35.7%,23,61,28,45.9%,4,3,75.0%,19,11,57.9%,11,54,318,31.5,18.5,5.9,29.9,Own 26.3,2:51,1.54,12,50,292,46,8,5.8,31,Own 37.6,2:49,2.42,20,9,169,1,18.8,18,505,0,28.1,26,6,53,0,15,8.8,23,587,0,38,25.5,2401,9,12,10,83.3%,11,11,100.0%,23.0,107.0,163.0,65.6,1134.0,7.0,4.3,2.0,21.0,1.2,7.2,7.5,10.9,226.8,95.9,8.0,35.0,20.0,30.0,4.7,6.6,-50.47,15.0,106.0,163.0,65.0,1051.0,6.0,3.7,9.0,5.5,61.0,7.2,5.5,11.1,210.2,75.6,16.0,125.0,8.9,5.9,4.3,,,3.15,14,16,747,46.7,169,538,31.6,60,2,12.5%,1,6.3%,1,17,17,789,46.4,0,15.0,127.0,507.0,8.0,4.0,101.4,4.53,19.0,127.0,563.0,2.0,64.0,4.4,112.6,2.0,-10.6,25.0,8.0,7.0,1.0,,,,,16.0,1.0,5.0,,11.0,11.0,10.0,12.0,,139.0,27.8,25.0,2.0,6.0,,,,,,8.0,1.0,2.0,,6.0,6.0,9.0,12.0,,83.0,16.6,163.0,107.0,1134.0,7.0,8.0,671.0,435.0,44.0,24.3%,10.0,5.5%,12.0,7.4%,8.0,30.0,16.6%,33.0,26,139,1641,298,5.5,4,2,90,107,163,1134,7,2,6.6,52,127,507,8,4,30,38,294,8,46,8,-34.34,29,83,1614,306,5.3,10,1,92,106,163,1051,6,9,5.9,55,127,563,2,4.4,29,31,279,8,31.5,18.5,-10.45
8,9,Tampa Bay Buccaneers,65,27,41.5%,5,3,60.0%,17,8,47.1%,9,58,22,37.9%,10,5,50.0%,14,10,71.4%,17,53,333,47.2,3.8,6.3,33.4,Own 29.3,3:00,2.40,16,52,301,40.4,7.7,5.8,29.5,Own 31.7,2:42,2.29,5,6,99,0,16.5,27,733,0,27.1,9,10,159,0,54,15.9,21,498,0,35,23.7,2550,29,9,7,77.8%,15,15,100.0%,21.0,109.0,160.0,68.1,1092.0,10.0,6.3,2.0,23.0,1.3,7.3,8.0,10.8,218.4,105.0,10.0,81.0,25.0,33.0,5.9,6.4,-29.14,6.0,112.0,172.0,65.1,1217.0,10.0,5.8,1.0,0.6,77.0,7.5,8.4,11.5,243.4,104.4,9.0,66.0,5.0,6.7,7.6,4.0,4.0,45.76,7,20,821,41.1,99,682,31.0,62,2,10.0%,4,20.0%,2,26,17,841,49.5,0,9.0,122.0,462.0,4.0,3.8,92.4,5.01,21.0,137.0,552.0,3.0,33.0,4.0,110.4,4.0,-0.3,23.0,4.0,10.0,,,,,3.0,16.0,,1.0,,15.0,15.0,7.0,9.0,,132.0,26.4,23.0,3.0,10.0,,,,1.0,,14.0,1.0,2.0,,11.0,12.0,12.0,15.0,1.0,135.0,27.0,160.0,109.0,1092.0,10.0,6.9,565.0,590.0,65.0,34.4%,12.0,6.3%,14.0,8.8%,10.0,36.0,19.0%,31.0,24,132,1554,292,5.3,4,2,99,109,160,1092,10,2,6.4,64,122,462,4,3.8,23,36,320,12,40.4,7.7,-20.13,8,135,1769,318,5.6,2,1,103,112,172,1217,10,1,6.7,58,137,552,3,4,29,35,306,16,47.2,3.8,41.03
9,10,Kansas City Chiefs,65,27,41.5%,10,9,90.0%,19,12,63.2%,8,56,21,37.5%,11,4,36.4%,15,9,60.0%,26,47,328,51.1,4.3,7.0,38.4,Own 30.9,3:16,2.72,6,46,296,41.3,13,6.4,34.1,Own 29.2,3:11,2.2,24,4,30,0,7.5,22,551,0,25,15,8,70,0,25,8.8,21,567,0,47,27.0,2520,25,8,8,100.0%,12,11,91.7%,9.0,99.0,146.0,67.8,953.0,5.0,3.4,4.0,21.0,2.7,6.8,6.3,10.1,190.6,87.1,13.0,46.0,32.0,26.0,8.2,6.0,-4.48,10.0,116.0,183.0,63.4,1205.0,8.0,4.4,2.0,1.1,49.0,6.9,7.3,10.8,241.0,93.5,7.0,52.0,3.7,6.3,6.7,,,31.71,28,14,634,45.3,30,604,43.1,69,0,0.0%,8,57.1%,0,4,12,596,49.7,0,21.0,129.0,617.0,6.0,4.8,123.4,-19.14,11.0,125.0,600.0,6.0,35.0,4.8,120.0,4.0,22.56,14.0,6.0,5.0,,,,1.0,,12.0,,0.0,,11.0,12.0,8.0,8.0,,107.0,21.4,14.0,6.0,8.0,,,,,,14.0,,1.0,,11.0,13.0,10.0,13.0,,125.0,25.0,146.0,99.0,953.0,5.0,7.9,393.0,385.0,47.0,26.4%,4.0,2.2%,14.0,9.6%,13.0,31.0,17.4%,19.0,15,107,1570,288,5.5,6,2,96,99,146,953,5,4,6,45,129,617,6,4.8,39,29,260,12,41.3,13,-14.85,11,125,1805,315,5.7,2,0,107,116,183,1205,8,2,6.3,59,125,600,6,4.8,42,42,350,6,51.1,4.3,46.25
10,11,Buffalo Bills,59,26,44.1%,4,3,75.0%,22,14,63.6%,17,59,24,40.7%,6,4,66.7%,15,9,60.0%,12,53,335,52.8,7.5,6.3,37.2,Own 28.2,3:13,2.94,10,50,285,42,10,5.7,30,Own 33.0,2:35,2.3,4,6,49,0,8.2,28,739,0,26.4,14,8,43,0,15,5.4,21,557,0,41,26.5,2641,28,8,8,100.0%,12,11,91.7%,2.0,86.0,133.0,64.7,770.0,6.0,4.5,2.0,11.0,1.5,6.3,6.5,9.7,154.0,91.0,13.0,67.0,24.0,26.0,8.9,5.3,-0.83,9.0,108.0,154.0,70.1,1207.0,9.0,5.8,2.0,1.3,51.0,8.1,8.7,11.6,241.4,108.4,8.0,42.0,4.9,7.5,8.0,1.0,2.0,61.71,30,13,536,41.2,49,487,37.5,48,0,0.0%,4,30.8%,0,3,21,1025,48.8,0,27.0,131.0,728.0,7.0,5.6,145.6,-23.99,2.0,162.0,772.0,9.0,44.0,4.8,154.4,6.0,16.44,17.0,7.0,6.0,,,,,,13.0,,1.0,,11.0,12.0,8.0,8.0,,113.0,22.6,17.0,9.0,9.0,,,,,,18.0,,3.0,,15.0,15.0,10.0,11.0,,153.0,30.6,133.0,86.0,770.0,6.0,6.8,450.0,386.0,40.0,25.2%,20.0,12.6%,6.0,4.5%,13.0,39.0,24.5%,23.0,19,113,1498,277,5.4,5,3,92,86,133,770,6,2,5.3,44,131,728,7,5.6,42,30,277,6,42,10,-19.73,3,153,1979,324,6.1,4,2,122,108,154,1207,9,2,7.5,65,162,772,9,4.8,43,36,287,14,52.8,7.5,69.24
11,12,Cleveland Browns,76,26,34.2%,12,8,66.7%,12,8,66.7%,25,67,29,43.3%,2,1,50.0%,14,11,78.6%,3,58,340,24.1,13.8,5.9,24.8,Own 29.6,2:41,1.28,29,57,288,33.3,7,5.1,21.8,Own 32.0,2:32,1.91,14,12,145,1,12.1,16,410,0,25.6,10,10,87,0,16,8.7,19,461,0,32,24.3,2089,2,8,6,75.0%,15,15,100.0%,7.0,93.0,139.0,66.9,861.0,10.0,7.2,2.0,16.0,1.4,6.9,7.7,10.3,172.2,104.5,14.0,96.0,27.0,29.0,9.2,5.6,-26.89,22.0,115.0,197.0,58.4,962.0,5.0,2.5,6.0,3.0,35.0,5.2,4.3,8.9,192.4,68.2,11.0,62.0,5.3,4.6,3.8,1.0,1.0,-42.33,1,29,1285,44.3,145,1080,36.0,58,4,13.8%,11,37.9%,1,32,26,1347,51.8,0,2.0,127.0,378.0,3.0,3.0,75.6,28.53,24.0,124.0,479.0,3.0,38.0,3.9,95.8,3.0,4.41,22.0,3.0,10.0,1.0,,1.0,,,15.0,,0.0,,15.0,15.0,6.0,8.0,,123.0,24.6,22.0,3.0,5.0,,,,,,8.0,,0.0,,7.0,8.0,6.0,8.0,,73.0,14.6,139.0,93.0,861.0,10.0,7.7,498.0,459.0,41.0,25.6%,7.0,4.4%,10.0,7.2%,14.0,31.0,19.4%,28.0,22,123,1239,280,4.4,4,2,75,93,139,861,10,2,5.6,47,127,378,3,3,19,40,221,9,33.3,7,6.71,31,73,1441,332,4.3,8,2,87,115,197,962,5,6,4.6,47,124,479,3,3.9,32,37,307,8,24.1,13.8,-42.37
12,13,Carolina Panthers,66,26,39.4%,13,8,61.5%,15,10,66.7%,7,56,21,37.5%,8,5,62.5%,16,10,62.5%,23,50,331,36.0,14.0,6.6,31.5,Own 28.7,3:13,1.96,8,49,287,38.8,10.2,5.9,31.8,Own 30.7,2:51,2.14,15,10,232,1,23.2,18,347,0,19.3,21,7,31,0,13,4.4,19,429,0,35,22.6,2184,6,9,7,77.8%,14,14,100.0%,12.0,100.0,153.0,65.4,1022.0,7.0,4.6,4.0,15.0,2.6,6.9,6.7,10.6,204.4,89.7,5.0,36.0,11.0,17.0,3.2,6.5,-28.23,24.0,111.0,180.0,61.7,935.0,8.0,4.4,4.0,2.2,40.0,5.6,5.5,9.1,187.0,82.4,9.0,74.0,4.8,4.9,4.8,1.0,1.0,6.69,25,15,708,47.2,232,456,30.4,61,1,6.7%,6,40.0%,0,6,17,847,49.8,0,16.0,120.0,536.0,5.0,4.5,107.2,8.51,10.0,134.0,640.0,3.0,53.0,4.8,128.0,5.0,6.56,18.0,5.0,7.0,1.0,,1.0,,,14.0,,0.0,,14.0,14.0,7.0,9.0,,119.0,23.8,18.0,3.0,8.0,,,,1.0,,12.0,,2.0,,9.0,10.0,7.0,8.0,,102.0,20.4,153.0,100.0,1022.0,7.0,7.8,568.0,472.0,29.0,17.2%,2.0,1.2%,6.0,3.9%,5.0,13.0,7.7%,26.0,21,119,1558,278,5.6,5,1,83,100,153,1022,7,4,6.5,51,120,536,5,4.5,30,42,330,2,38.8,10.2,-17.41,23,102,1575,323,4.9,8,4,103,111,180,935,8,4,4.9,57,134,640,3,4.8,32,30,248,14,36,14,5.89
13,14,Philadelphia Eagles,75,26,34.7%,9,7,77.8%,16,14,87.5%,30,78,33,42.3%,8,3,37.5%,17,9,52.9%,1,62,341,33.9,4.8,5.5,24.9,Own 27.2,2:48,1.98,31,62,398,43.5,8.1,6.4,33.2,Own 30.6,2:53,2.27,1,19,265,0,13.9,27,593,0,22,27,5,48,0,15,9.6,25,518,0,39,20.7,2342,19,15,12,80.0%,14,13,92.9%,17.0,102.0,176.0,58.0,1057.0,6.0,3.4,3.0,28.0,1.7,6.3,6.2,10.8,211.4,80.7,7.0,45.0,27.0,18.0,3.8,5.8,-6.04,13.0,117.0,172.0,68.0,1075.0,8.0,4.7,1.0,0.6,52.0,6.8,7.5,10.0,179.2,100.2,18.0,97.0,9.5,5.7,6.3,1.0,1.0,9.67,2,30,1578,52.6,265,1253,41.8,70,3,10.0%,6,20.0%,0,31,21,910,43.3,1,31.0,173.0,806.0,8.0,4.7,134.3,-20.16,17.0,162.0,572.0,8.0,29.0,3.5,95.3,5.0,13.69,19.0,8.0,7.0,,,,,,15.0,1.0,1.0,,13.0,14.0,12.0,15.0,1.0,143.0,23.8,19.0,8.0,8.0,,,,,2.0,18.0,,1.0,,16.0,16.0,6.0,6.0,,142.0,23.7,176.0,102.0,1057.0,6.0,8.9,579.0,523.0,42.0,21.5%,11.0,5.6%,16.0,9.1%,7.0,34.0,17.4%,32.0,17,109,1691,317,5.3,5,2,102,102,176,1057,6,3,5.8,45,134,634,4,4.7,40,31,289,17,42.3,9.6,-14.65,6,142,1647,352,4.7,3,2,107,117,172,1075,8,1,5.7,54,162,572,8,3.5,43,41,392,10,33.9,4.8,18.75
14,15,New Orleans Saints,68,26,38.2%,9,3,33.3%,17,7,41.2%,15,57,23,40.4%,6,3,50.0%,17,12,70.6%,16,53,348,34.0,5.7,6.6,28.9,Own 30.2,2:44,1.62,13,51,317,43.1,15.7,6.2,31.8,Own 32.8,3:02,2.39,29,8,151,1,18.9,16,467,0,29.2,25,6,91,0,40,15.2,23,553,0,43,24.0,2356,20,9,8,88.9%,16,15,93.8%,11.0,105.0,151.0,69.5,1020.0,11.0,7.3,3.0,24.0,2.0,7.2,7.8,10.3,204.0,106.0,12.0,66.0,25.0,24.0,7.4,6.3,-28.45,23.0,120.0,181.0,66.3,952.0,6.0,3.3,2.0,1.1,87.0,5.6,5.7,8.4,190.4,87.0,9.0,57.0,4.7,5.0,5.2,,,7.2,10,19,841,44.3,151,650,32.5,61,2,10.5%,5,26.3%,1,23,14,611,43.6,0,20.0,147.0,611.0,4.0,4.2,122.2,4.47,14.0,143.0,584.0,2.0,18.0,4.1,116.8,3.0,3.71,24.0,4.0,11.0,1.0,,,,,16.0,,0.0,,15.0,16.0,8.0,9.0,,135.0,27.0,24.0,2.0,6.0,,,1.0,,,9.0,,1.0,,8.0,8.0,10.0,15.0,,92.0,18.4,151.0,105.0,1020.0,11.0,7.6,511.0,575.0,40.0,22.9%,9.0,5.1%,14.0,9.3%,12.0,35.0,20.0%,32.0,25,135,1631,310,5.3,8,5,107,105,151,1020,11,3,6.3,57,147,611,4,4.2,37,41,314,13,43.1,15.7,-19.28,27,92,1536,333,4.6,3,1,103,120,181,952,6,2,5,53,143,584,2,4.1,34,42,295,16,34,5.7,4.83
15,16,Dallas Cowboys,60,26,43.3%,6,4,66.7%,19,13,68.4%,32,71,39,54.9%,7,4,57.1%,20,13,65.0%,10,54,342,50.0,11.1,6.3,37.6,Own 27.7,2:53,2.76,19,53,345,50.9,5.7,6.5,38.9,Own 28.3,3:06,2.89,7,12,126,0,10.5,19,473,0,24.9,30,4,38,0,19,9.5,25,610,0,45,24.4,2716,27,9,9,100.0%,16,15,93.8%,32.0,131.0,181.0,72.4,1423.0,12.0,6.6,1.0,9.0,0.6,8.4,9.5,11.6,284.6,117.2,10.0,97.0,30.0,25.0,5.2,7.5,-71.65,3.0,142.0,200.0,71.0,1361.0,10.0,5.0,4.0,2.0,46.0,7.0,7.1,9.8,272.2,98.7,7.0,36.0,3.4,6.6,6.7,2.0,1.0,59.43,13,17,798,46.9,126,672,39.5,60,0,0.0%,4,23.5%,0,16,16,716,44.8,0,22.0,145.0,637.0,6.0,4.4,127.4,-9.06,8.0,125.0,672.0,7.0,66.0,5.4,134.4,3.0,18.55,29.0,6.0,12.0,,,,,,18.0,2.0,2.0,,15.0,16.0,9.0,9.0,,154.0,30.8,29.0,7.0,10.0,,,,,,17.0,1.0,1.0,1.0,15.0,16.0,10.0,10.0,,151.0,30.2,181.0,131.0,1423.0,12.0,8.1,807.0,713.0,44.0,21.4%,29.0,14.1%,18.0,9.9%,10.0,57.0,27.7%,41.0,29,154,2060,336,6.1,3,2,118,131,181,1423,12,1,7.5,62,145,637,6,4.4,47,46,425,9,50.9,5.7,-76.15,4,151,2033,332,6.1,6,2,125,142,200,1361,10,4,6.6,70,125,672,7,5.4,38,42,359,17,50,11.1,76.07
16,17,Chicago Bears,55,25,45.5%,5,2,40.0%,11,7,63.6%,1,41,12,29.3%,5,3,60.0%,17,11,64.7%,27,45,255,37.8,8.9,5.7,28.8,Own 33.6,2:43,2.11,5,46,234,43.5,19.6,5.1,33,Own 30.7,2:33,2.52,16,10,122,0,12.2,18,464,0,25.8,12,9,103,0,22,11.4,19,503,0,44,26.5,2056,7,8,6,75.0%,11,11,100.0%,5.0,84.0,114.0,73.7,860.0,10.0,8.8,7.0,15.0,6.1,7.8,6.8,10.5,215.0,99.5,5.0,26.0,17.0,17.0,4.2,7.2,-21.75,27.0,83.0,133.0,62.4,903.0,8.0,6.0,2.0,1.5,65.0,7.2,7.7,11.5,225.8,97.8,7.0,51.0,5.0,6.5,7.0,1.0,1.0,24.34,17,17,802,47.2,122,660,38.8,62,1,5.9%,4,23.5%,0,14,13,642,49.4,0,23.0,107.0,658.0,4.0,6.1,164.5,-9.85,30.0,108.0,409.0,3.0,20.0,3.8,102.3,5.0,-11.91,28.0,4.0,10.0,,,,,,14.0,2.0,3.0,,11.0,11.0,6.0,8.0,,117.0,29.3,28.0,3.0,8.0,,,,1.0,,12.0,,1.0,,11.0,11.0,6.0,7.0,,101.0,25.3,114.0,84.0,860.0,10.0,6.8,444.0,442.0,21.0,17.1%,8.0,6.5%,12.0,10.5%,5.0,25.0,20.3%,34.0,20,117,1518,226,6.7,9,2,79,84,114,860,10,7,7.2,40,107,658,4,6.1,32,20,139,7,43.5,19.6,-27.53,24,101,1312,248,5.3,4,2,74,83,133,903,8,2,6.5,42,108,409,3,3.8,26,34,278,6,37.8,8.9,6.19
17,18,Denver Broncos,67,25,37.3%,5,2,40.0%,15,10,66.7%,6,66,20,30.3%,3,0,0.0%,14,4,28.6%,8,56,330,35.7,8.9,5.9,31.7,Own 31.1,2:47,2.07,28,57,314,35.1,5.3,5.5,25.3,Own 27.3,2:32,1.47,11,8,97,0,12.1,21,589,0,28,3,13,169,0,32,13.0,19,486,0,32,25.6,2461,11,14,14,100.0%,6,6,100.0%,10.0,100.0,172.0,58.1,1001.0,4.0,2.3,1.0,27.0,0.6,6.6,6.8,11.3,200.2,83.3,21.0,132.0,48.0,24.0,10.9,5.2,-4.24,14.0,114.0,176.0,64.8,1073.0,8.0,4.5,4.0,2.3,52.0,6.3,6.2,9.7,214.6,87.9,5.0,30.0,2.8,5.9,5.8,1.0,1.0,28.06,6,24,1135,47.3,97,978,40.8,63,3,12.5%,15,62.5%,0,28,28,1406,50.2,0,6.0,107.0,442.0,2.0,4.1,88.4,9.22,5.0,142.0,703.0,6.0,50.0,5.0,140.6,2.0,0.88,2.0,2.0,4.0,,,,,,6.0,,0.0,,6.0,6.0,14.0,14.0,,84.0,16.8,2.0,6.0,8.0,,,,,,14.0,1.0,1.0,,13.0,13.0,6.0,7.0,,117.0,23.4,172.0,100.0,1001.0,4.0,9.9,609.0,515.0,58.0,29.1%,21.0,10.6%,21.0,12.2%,21.0,63.0,31.7%,24.0,2,84,1443,300,4.8,4,3,87,100,172,1001,4,1,5.2,52,107,442,2,4.1,19,47,344,16,35.1,5.3,9.93,16,117,1776,323,5.5,6,2,104,114,176,1073,8,4,5.9,54,142,703,6,5,34,43,411,16,35.7,8.9,29.05
18,19,Jacksonville Jaguars,63,24,38.1%,6,3,50.0%,20,11,55.0%,29,66,31,47.0%,5,2,40.0%,14,8,57.1%,9,55,328,40.0,10.9,6.0,31.2,Own 30.5,2:50,2.07,22,55,317,30.9,25.5,5.8,31.7,Own 30.1,2:37,1.8,25,8,40,0,5,18,460,0,25.6,22,7,129,1,87,18.4,16,401,0,54,25.1,2469,24,6,5,83.3%,11,11,100.0%,28.0,122.0,197.0,61.9,1252.0,8.0,4.1,10.0,38.0,5.1,6.6,5.1,10.7,250.4,73.6,7.0,50.0,27.0,16.0,3.4,6.1,3.54,16.0,102.0,169.0,60.4,1028.0,6.0,3.6,5.0,3.0,46.0,6.3,5.7,10.5,205.6,78.2,6.0,38.0,3.4,5.9,5.3,1.0,2.0,14.9,15,17,841,49.5,40,741,43.6,60,3,17.6%,6,35.3%,0,13,17,768,45.2,0,13.0,107.0,489.0,4.0,4.6,97.8,-5.14,6.0,141.0,685.0,6.0,71.0,4.9,137.0,3.0,9.5,8.0,4.0,8.0,,,,,,12.0,1.0,1.0,,11.0,11.0,5.0,6.0,,100.0,20.0,8.0,6.0,6.0,1.0,,,1.0,,14.0,,1.0,,13.0,13.0,10.0,12.0,,127.0,25.4,197.0,122.0,1252.0,8.0,8.1,568.0,409.0,31.0,14.3%,12.0,5.5%,16.0,8.1%,7.0,35.0,16.1%,17.0,11,100,1741,311,5.6,14,4,100,122,197,1252,8,10,6.1,65,107,489,4,4.6,26,32,293,9,30.9,25.5,3.5,10,127,1713,316,5.4,6,1,96,102,169,1028,6,5,5.9,50,141,685,6,4.9,37,42,333,9,40,10.9,16.58
19,20,Detroit Lions,61,24,39.3%,9,7,77.8%,25,19,76.0%,18,59,24,40.7%,5,2,40.0%,15,10,66.7%,6,57,314,47.4,5.3,5.5,31.9,Own 36.0,2:50,2.89,27,57,294,33.3,15.8,5.2,26.2,Own 28.4,2:26,1.98,3,10,85,0,8.5,25,642,0,25.7,6,12,125,1,65,10.4,17,442,0,37,26.0,2478,32,6,5,83.3%,13,13,100.0%,13.0,100.0,158.0,63.3,1033.0,10.0,6.3,6.0,29.0,3.8,7.2,6.8,11.5,206.6,90.3,16.0,112.0,31.0,22.0,9.2,5.9,-14.77,12.0,110.0,146.0,75.3,1151.0,13.0,8.9,2.0,1.4,64.0,8.2,9.3,10.8,230.2,122.8,8.0,39.0,5.2,7.5,8.6,0.0,1.0,62.6,11,19,880,46.3,85,731,38.5,64,0,0.0%,11,57.9%,0,22,21,1067,50.8,0,8.0,114.0,461.0,4.0,4.0,92.2,10.28,7.0,152.0,674.0,8.0,72.0,4.4,134.8,2.0,1.23,16.0,4.0,10.0,,,,,,14.0,,1.0,,13.0,13.0,5.0,6.0,,112.0,22.4,16.0,8.0,13.0,1.0,,,,,22.0,,0.0,,22.0,22.0,6.0,8.0,1.0,174.0,34.8,158.0,100.0,1033.0,10.0,10.0,742.0,388.0,53.0,28.8%,9.0,4.9%,13.0,8.2%,16.0,38.0,20.7%,19.0,18,112,1494,288,5.2,9,3,91,100,158,1033,10,6,5.9,53,114,461,4,4,26,27,174,12,33.3,15.8,-1.81,1,174,1825,306,6,3,1,104,110,146,1151,13,2,7.5,62,152,674,8,4.4,37,32,227,5,47.4,5.3,68.89
20,21,Seattle Seahawks,55,24,43.6%,4,2,50.0%,18,13,72.2%,28,70,30,42.9%,7,4,57.1%,19,10,52.6%,22,50,296,46.0,14.0,5.9,35.6,Own 30.6,2:48,2.50,25,55,337,38.2,12.7,6.1,29.3,Own 29.9,2:54,1.87,8,6,94,0,15.7,24,555,0,23.1,17,8,166,1,95,20.8,20,583,0,60,29.2,2651,31,14,11,78.6%,8,8,100.0%,26.0,130.0,185.0,70.3,1199.0,8.0,4.3,7.0,26.0,3.8,7.0,6.1,9.9,239.8,88.3,13.0,90.0,33.0,24.0,6.6,6.1,-43.93,5.0,100.0,137.0,73.0,1227.0,9.0,6.6,3.0,2.2,53.0,9.2,9.5,12.6,245.4,114.0,6.0,34.0,4.2,8.6,8.9,0.0,2.0,59.66,26,15,711,47.4,94,577,38.5,58,2,13.3%,6,40.0%,0,8,18,853,47.4,1,3.0,125.0,415.0,2.0,3.3,83.0,17.37,18.0,143.0,565.0,6.0,31.0,4.0,113.0,7.0,-9.61,12.0,2.0,8.0,,,,,,10.0,2.0,2.0,,8.0,8.0,11.0,14.0,,105.0,21.0,12.0,6.0,9.0,1.0,,,,1.0,17.0,,0.0,,17.0,17.0,9.0,12.0,,146.0,29.2,185.0,130.0,1199.0,8.0,7.0,592.0,697.0,29.0,13.7%,20.0,9.4%,15.0,8.1%,13.0,48.0,22.6%,46.0,14,105,1614,323,5,7,0,101,130,185,1199,8,7,6.1,63,125,415,2,3.3,25,33,236,13,38.2,12.7,-22.37,5,146,1792,286,6.3,8,5,104,100,137,1227,9,3,8.6,59,143,565,6,4,33,27,240,12,46,14,45.9
21,22,Atlanta Falcons,55,23,41.8%,8,4,50.0%,13,6,46.2%,2,44,15,34.1%,7,6,85.7%,6,4,66.7%,32,42,276,38.1,11.9,6.6,34.5,Own 28.9,3:11,1.81,1,38,219,44.7,10.5,5.8,25.7,Own 33.5,2:47,2.08,31,7,60,0,8.6,16,436,0,27.3,29,5,29,0,17,5.8,16,332,0,30,20.8,1850,10,11,10,90.9%,7,6,85.7%,1.0,60.0,104.0,57.7,540.0,5.0,4.8,3.0,16.0,2.9,5.8,5.5,10.0,135.0,78.3,10.0,62.0,23.0,15.0,8.8,4.7,0.24,26.0,83.0,132.0,62.9,905.0,3.0,2.3,3.0,2.3,69.0,7.2,6.6,11.4,226.3,82.5,5.0,42.0,3.6,6.6,6.1,,,7.96,31,11,465,42.3,60,396,36.0,59,0,0.0%,5,45.5%,0,2,13,633,48.7,0,5.0,94.0,436.0,2.0,4.6,109.0,-4.95,22.0,127.0,546.0,4.0,25.0,4.3,136.5,5.0,2.61,15.0,2.0,5.0,,,,1.0,,8.0,1.0,1.0,,6.0,7.0,10.0,11.0,,86.0,21.5,15.0,4.0,3.0,,,,,,7.0,,0.0,,7.0,7.0,9.0,12.0,,76.0,19.0,104.0,60.0,540.0,5.0,9.8,416.0,186.0,46.0,37.1%,5.0,4.0%,9.0,8.7%,10.0,24.0,19.4%,12.0,4,86,976,208,4.7,6,3,58,60,104,540,5,3,4.7,32,94,436,2,4.6,22,25,215,4,44.7,10.5,-2.14,30,76,1451,264,5.5,5,2,83,83,132,905,3,3,6.6,46,127,546,4,4.3,31,21,152,6,38.1,11.9,9.16
22,23,New England Patriots,57,23,40.4%,8,7,87.5%,19,12,63.2%,14,55,23,41.8%,6,2,33.3%,12,9,75.0%,24,49,306,40.8,14.3,6.2,34.1,Own 31.2,3:00,2.29,11,50,297,34,12,5.9,32.7,Own 26.8,3:03,1.9,18,6,125,1,20.8,21,517,0,24.6,16,8,202,1,87,25.3,21,536,1,90,25.5,2520,17,8,6,75.0%,12,11,91.7%,27.0,111.0,156.0,71.2,1211.0,9.0,5.8,4.0,13.0,2.6,8.2,8.2,11.5,242.2,104.0,11.0,66.0,26.0,28.0,6.6,7.3,-42.44,8.0,113.0,154.0,73.4,1207.0,7.0,4.5,2.0,1.3,55.0,8.2,8.5,11.2,241.4,107.1,17.0,54.0,9.9,7.1,7.4,0.0,1.0,56.0,18,17,835,49.1,125,670,39.4,73,2,11.8%,7,41.2%,0,19,18,807,44.8,0,4.0,122.0,428.0,2.0,3.5,85.6,15.99,25.0,127.0,476.0,6.0,22.0,3.7,95.2,8.0,-18.42,10.0,2.0,9.0,1.0,,,,,12.0,,0.0,,11.0,12.0,6.0,8.0,,101.0,20.2,10.0,6.0,7.0,1.0,1.0,,,,15.0,1.0,1.0,,12.0,14.0,7.0,8.0,,125.0,25.0,156.0,111.0,1211.0,9.0,7.6,656.0,621.0,36.0,20.3%,4.0,2.3%,11.0,7.1%,11.0,26.0,14.7%,30.0,13,101,1639,289,5.7,6,2,100,111,156,1211,9,4,7.3,64,122,428,2,3.5,24,43,320,12,34,12,-22.38,12,125,1683,298,5.6,7,5,99,113,154,1207,7,2,7.1,58,127,476,6,3.7,32,42,346,9,40.8,14.3,34.18
23,24,Los Angeles Rams,57,23,40.4%,8,5,62.5%,21,11,52.4%,16,68,24,35.3%,11,10,90.9%,15,8,53.3%,13,53,327,43.4,11.3,6.2,37.5,Own 31.6,2:45,2.36,14,52,319,40.4,13.5,6.1,28,Own 26.6,2:57,1.83,26,7,88,0,12.6,19,313,0,16.5,4,12,109,0,20,9.1,20,499,0,32,25.0,2648,26,13,13,100.0%,8,8,100.0%,19.0,116.0,174.0,66.7,1077.0,7.0,4.0,3.0,24.0,1.7,6.9,6.9,10.3,215.4,92.4,15.0,116.0,36.0,23.0,7.9,5.7,-3.27,2.0,122.0,184.0,66.3,1448.0,11.0,6.0,2.0,1.1,88.0,8.2,8.9,12.3,289.6,106.8,9.0,55.0,4.7,7.5,8.2,1.0,1.0,52.87,24,15,722,48.1,88,614,40.9,68,1,6.7%,9,60.0%,0,9,21,1057,50.3,0,11.0,134.0,468.0,2.0,3.5,93.6,-5.37,20.0,123.0,561.0,3.0,45.0,4.6,112.2,6.0,-5.2,13.0,2.0,7.0,,,,,1.0,10.0,,1.0,,8.0,8.0,13.0,13.0,,107.0,21.4,13.0,3.0,11.0,,,,,,14.0,,0.0,,12.0,14.0,9.0,12.0,,123.0,24.6,174.0,116.0,1077.0,7.0,7.3,671.0,522.0,35.0,17.8%,5.0,2.5%,21.0,12.1%,15.0,41.0,20.8%,17.0,16,107,1545,323,4.8,7,4,99,116,174,1077,7,3,5.7,56,134,468,2,3.5,33,45,324,10,40.4,13.5,-2.61,14,123,2009,316,6.4,6,4,113,122,184,1448,11,2,7.5,68,123,561,3,4.6,34,27,229,11,43.4,11.3,44.3
24,25,Cincinnati Bengals,61,22,36.1%,1,1,100.0%,11,8,72.7%,26,63,29,46.0%,6,3,50.0%,24,17,70.8%,7,56,272,26.8,19.6,4.9,20.4,Own 28.1,2:17,1.52,26,56,346,41.1,10.7,6.2,35,Own 34.0,3:05,2.52,9,14,163,0,11.6,16,435,0,27.2,28,5,65,0,23,13.0,24,575,0,37,24.0,1884,1,6,5,83.3%,20,19,95.0%,30.0,120.0,177.0,67.8,1295.0,12.0,6.8,5.0,18.0,2.8,7.6,7.7,11.3,259.0,101.2,10.0,55.0,22.0,16.0,5.3,6.9,-46.31,29.0,101.0,160.0,63.1,858.0,8.0,5.0,8.0,5.0,64.0,5.9,4.7,9.4,171.6,75.2,15.0,88.0,8.6,4.9,3.8,1.0,1.0,-28.13,3,27,1433,53.1,163,1150,42.6,70,6,22.2%,7,25.9%,0,30,18,835,46.4,0,25.0,153.0,661.0,6.0,4.3,132.2,-7.87,32.0,92.0,285.0,2.0,13.0,3.1,57.0,7.0,-6.64,30.0,6.0,12.0,,,1.0,1.0,,20.0,,0.0,,19.0,20.0,5.0,6.0,1.0,156.0,31.2,30.0,2.0,8.0,,,,,,10.0,,0.0,,10.0,10.0,5.0,5.0,,85.0,17.0,177.0,120.0,1295.0,12.0,6.4,518.0,832.0,32.0,16.6%,13.0,6.7%,11.0,6.2%,10.0,34.0,17.6%,49.0,30,156,1956,340,5.8,6,1,117,120,177,1295,12,5,6.9,70,153,661,6,4.3,38,41,341,9,41.1,10.7,-52.98,28,85,1143,267,4.3,11,3,77,101,160,858,8,8,4.9,45,92,285,2,3.1,18,31,202,14,26.8,19.6,-38.64
25,26,New York Jets,61,21,34.4%,13,7,53.8%,13,8,61.5%,13,62,23,37.1%,3,3,100.0%,20,12,60.0%,18,52,311,38.5,11.5,6.0,30.7,Own 28.3,2:50,2.00,21,54,318,53.7,0,5.9,32.1,Own 33.8,2:49,2.8,28,7,29,0,4.1,17,464,0,27.3,13,8,89,0,19,11.1,31,854,0,41,27.5,2672,3,14,13,92.9%,17,16,94.1%,14.0,91.0,140.0,65.0,1035.0,11.0,7.9,,19.0,,7.7,9.2,11.8,207.0,114.3,7.0,36.0,14.0,23.0,4.8,7.0,-47.46,28.0,104.0,153.0,68.0,875.0,7.0,4.6,1.0,0.7,33.0,6.6,7.2,9.7,175.0,98.7,16.0,132.0,9.5,5.2,5.7,,,8.91,20,17,791,46.5,29,742,43.6,58,1,5.9%,6,35.3%,0,18,20,902,45.1,0,26.0,157.0,702.0,5.0,4.5,140.4,-9.99,4.0,133.0,722.0,4.0,43.0,5.4,144.4,9.0,2.6,31.0,5.0,11.0,,,,1.0,,17.0,,0.0,,16.0,17.0,13.0,14.0,,157.0,31.4,31.0,4.0,7.0,,,,,1.0,12.0,3.0,5.0,,7.0,7.0,9.0,9.0,,112.0,22.4,140.0,91.0,1035.0,11.0,6.5,438.0,633.0,48.0,30.2%,9.0,5.7%,6.0,4.3%,7.0,22.0,13.8%,46.0,31,157,1737,304,5.7,,0,104,91,140,1035,11,0,7,59,157,702,5,4.5,32,41,350,13,53.7,0,-55.28,17,112,1597,302,5.3,8,7,103,104,153,875,7,1,5.2,53,133,722,4,5.4,41,42,352,9,38.5,11.5,0.26
26,27,Houston Texans,60,21,35.0%,7,6,85.7%,11,6,54.5%,10,61,22,36.1%,4,2,50.0%,11,7,63.6%,19,51,306,43.1,9.8,6.0,30.8,Own 33.0,3:06,2.16,18,52,288,19.2,11.5,5.5,25.2,Own 24.8,2:44,1.19,21,6,60,0,10,21,503,0,24,8,11,125,0,53,11.4,10,255,0,34,25.5,2100,16,7,2,28.6%,7,7,100.0%,8.0,90.0,153.0,58.8,876.0,3.0,2.0,5.0,22.0,3.3,6.3,5.3,10.8,175.2,70.4,12.0,93.0,26.0,23.0,7.3,5.3,11.95,18.0,104.0,148.0,70.3,991.0,8.0,5.4,3.0,2.0,50.0,7.4,7.6,10.6,198.2,101.2,12.0,108.0,7.5,6.2,6.4,,,15.69,12,18,863,47.9,60,783,43.5,66,1,5.6%,7,38.9%,0,21,26,1161,44.7,1,7.0,116.0,453.0,5.0,3.9,90.6,1.77,15.0,133.0,581.0,3.0,30.0,4.4,116.2,2.0,6.79,1.0,5.0,3.0,,,,,,8.0,,1.0,,7.0,7.0,2.0,7.0,,61.0,12.2,1.0,3.0,8.0,,,,,,11.0,,2.0,,9.0,9.0,11.0,13.0,,108.0,21.6,153.0,90.0,876.0,3.0,8.2,529.0,440.0,39.0,22.8%,6.0,3.5%,13.0,8.5%,12.0,31.0,18.1%,41.0,1,61,1329,281,4.7,6,1,82,90,153,876,3,5,5.3,47,116,453,5,3.9,24,36,259,11,19.2,11.5,16.72,18,108,1572,293,5.4,5,2,90,104,148,991,8,3,6.2,46,133,581,3,4.4,31,34,267,13,43.1,9.8,16.2
27,28,Baltimore Ravens,52,21,40.4%,6,2,33.3%,15,8,53.3%,31,74,33,44.6%,12,10,83.3%,25,19,76.0%,14,53,259,45.3,13.2,4.9,29.4,Own 31.8,2:26,2.57,24,55,365,58.2,3.6,6.6,37,Own 34.9,3:07,3.27,19,5,27,0,5.4,22,587,0,26.7,23,6,76,0,23,12.7,28,701,0,43,25.0,2579,23,13,11,84.6%,18,18,100.0%,31.0,131.0,190.0,68.9,1312.0,13.0,6.8,1.0,12.0,0.5,7.1,8.2,10.3,262.4,109.8,6.0,39.0,25.0,21.0,3.1,6.7,-59.58,20.0,91.0,129.0,70.5,981.0,10.0,7.8,4.0,3.1,56.0,8.5,8.7,12.1,196.2,109.3,16.0,119.0,11.0,6.8,6.9,,,23.1,21,16,800,50.0,27,753,47.1,63,1,6.3%,6,37.5%,0,12,15,623,41.5,1,28.0,156.0,732.0,8.0,4.7,146.4,-19.4,16.0,105.0,578.0,6.0,71.0,5.5,115.6,6.0,3.39,32.0,8.0,13.0,,,,,,21.0,,3.0,,18.0,18.0,11.0,13.0,,177.0,35.4,32.0,6.0,10.0,,,1.0,,,17.0,,1.0,,15.0,16.0,8.0,9.0,,141.0,28.2,190.0,131.0,1312.0,13.0,7.8,811.0,522.0,49.0,23.7%,9.0,4.3%,18.0,9.5%,6.0,33.0,15.9%,40.0,32,177,2044,352,5.8,2,1,121,131,190,1312,13,1,6.7,69,156,732,8,4.7,44,28,214,8,58.2,3.6,-71.98,7,141,1559,250,6.2,7,3,84,91,129,981,10,4,6.8,49,105,578,6,5.5,27,31,194,8,45.3,13.2,23.45
28,29,Tennessee Titans,69,20,29.0%,6,2,33.3%,9,4,44.4%,20,66,26,39.4%,8,6,75.0%,19,11,57.9%,5,57,312,29.8,12.3,5.5,20.5,Own 30.7,2:26,1.18,23,55,322,43.6,10.9,5.9,33.3,Own 33.9,2:56,2.47,27,11,92,0,8.4,14,382,0,27.3,24,6,82,0,21,13.7,25,666,0,71,26.6,2071,18,10,8,80.0%,16,15,93.8%,22.0,111.0,158.0,70.3,1100.0,6.0,3.8,3.0,15.0,1.9,7.3,7.2,10.4,220.0,95.8,7.0,55.0,24.0,16.0,4.2,6.7,-30.35,31.0,85.0,164.0,51.8,743.0,2.0,1.2,3.0,1.8,47.0,5.4,4.8,10.3,148.6,64.0,19.0,136.0,10.4,4.1,3.5,1.0,1.0,-37.29,4,24,1181,49.2,92,1045,43.5,65,2,8.3%,9,37.5%,0,27,17,834,49.1,0,29.0,147.0,734.0,10.0,5.0,146.8,-14.71,27.0,112.0,426.0,2.0,27.0,3.8,85.2,4.0,-11.76,26.0,10.0,6.0,,,,1.0,,17.0,,1.0,,15.0,16.0,8.0,10.0,,141.0,28.2,26.0,2.0,2.0,,,1.0,,,5.0,,0.0,,4.0,5.0,13.0,17.0,,73.0,14.6,158.0,111.0,1100.0,6.0,7.0,589.0,559.0,28.0,16.3%,8.0,4.7%,14.0,8.9%,7.0,29.0,16.9%,37.0,27,141,1834,312,5.9,8,5,100,111,158,1100,6,3,6.7,48,147,734,10,5,39,28,194,13,43.6,10.9,-38.47,32,73,1169,295,4,7,4,76,85,164,743,2,3,4.1,43,112,426,2,3.8,26,41,331,7,29.8,12.3,-52.41
29,30,Minnesota Vikings,58,18,31.0%,6,4,66.7%,15,10,66.7%,4,63,19,30.2%,5,3,60.0%,16,8,50.0%,4,57,295,35.1,14.0,5.2,26.9,Own 27.9,2:32,1.89,30,59,309,30.5,11.9,5.2,24.7,Own 32.5,2:38,1.53,10,10,86,0,8.6,19,473,0,24.9,1,17,170,0,29,10.0,23,578,0,34,25.1,2565,12,11,9,81.8%,10,10,100.0%,3.0,90.0,138.0,65.2,788.0,5.0,3.6,2.0,14.0,1.4,6.3,6.4,9.7,157.6,88.9,13.0,87.0,23.0,28.0,8.6,5.2,35.46,17.0,96.0,146.0,65.8,991.0,8.0,5.5,5.0,3.4,81.0,7.7,7.2,11.7,198.2,92.9,21.0,130.0,12.6,5.9,5.5,2.0,2.0,9.01,5,24,1179,49.1,86,1093,45.5,77,0,0.0%,6,25.0%,0,29,26,1237,47.6,0,24.0,147.0,661.0,4.0,4.5,132.2,-7.58,23.0,119.0,534.0,4.0,24.0,4.5,106.8,9.0,-5.9,5.0,4.0,5.0,,,,1.0,,10.0,,0.0,,10.0,10.0,9.0,11.0,,97.0,19.4,5.0,4.0,8.0,,,1.0,1.0,,14.0,2.0,3.0,,11.0,11.0,8.0,9.0,,123.0,24.6,138.0,90.0,788.0,5.0,6.0,410.0,459.0,57.0,35.8%,19.0,11.9%,11.0,8.0%,13.0,43.0,27.0%,32.0,7,97,1449,298,4.9,7,5,87,90,138,788,5,2,5.2,36,147,661,4,4.5,41,36,314,10,30.5,11.9,31.06,13,123,1525,286,5.3,9,4,89,96,146,991,8,5,5.9,51,119,534,4,4.5,29,44,337,9,35.1,14,-6.73
30,31,Pittsburgh Steelers,44,17,38.6%,3,1,33.3%,13,9,69.2%,12,55,23,41.8%,12,8,66.7%,15,9,60.0%,28,44,222,38.6,6.8,5.0,24.1,Own 34.7,2:26,2.16,2,40,275,40,22.5,6.9,38.4,Own 27.5,3:19,2.3,13,7,73,0,10.4,21,557,0,26.5,32,2,9,0,12,4.5,15,370,0,33,24.7,1549,5,6,5,83.3%,9,9,100.0%,16.0,96.0,138.0,69.6,1042.0,7.0,5.1,5.0,23.0,3.6,8.2,7.6,11.8,260.5,96.0,14.0,89.0,36.0,28.0,9.2,6.9,-19.82,32.0,76.0,110.0,69.1,734.0,8.0,7.3,3.0,2.7,80.0,7.3,7.5,10.5,183.5,102.8,9.0,64.0,7.6,6.2,6.4,1.0,2.0,17.11,23,15,726,48.4,73,613,40.9,64,2,13.3%,5,33.3%,0,10,10,464,46.4,0,12.0,117.0,488.0,4.0,4.2,122.0,-2.9,31.0,96.0,320.0,3.0,15.0,3.3,80.0,4.0,0.31,21.0,4.0,7.0,,,,,2.0,12.0,1.0,3.0,,9.0,9.0,5.0,6.0,,98.0,24.5,21.0,3.0,8.0,,,,,,11.0,1.0,1.0,,10.0,10.0,6.0,7.0,,96.0,24.0,138.0,96.0,1042.0,7.0,7.3,661.0,470.0,58.0,35.8%,16.0,9.9%,18.0,13.0%,14.0,48.0,29.6%,38.0,10,98,1530,269,5.7,10,5,93,96,138,1042,7,5,6.9,50,117,488,4,4.2,37,24,220,6,40,22.5,-16.09,26,96,1054,215,4.9,3,0,68,76,110,734,8,3,6.2,31,96,320,3,3.3,26,19,135,11,38.6,6.8,15.09
31,32,Washington Commanders,52,17,32.7%,6,4,66.7%,14,10,71.4%,22,70,27,38.6%,9,5,55.6%,17,10,58.8%,25,49,302,46.9,6.1,6.2,35.6,Own 32.6,2:47,2.55,17,52,325,36.5,5.8,6.3,33.8,Own 28.2,3:09,1.94,22,9,35,0,3.9,18,424,0,23.6,5,12,177,1,90,14.8,18,598,0,69,33.2,2610,22,9,8,88.9%,9,9,100.0%,24.0,100.0,156.0,64.1,1175.0,8.0,5.1,2.0,19.0,1.3,8.2,8.6,12.7,235.0,101.2,15.0,97.0,32.0,30.0,8.8,6.9,-22.14,21.0,89.0,146.0,61.0,963.0,7.0,4.8,1.0,0.7,56.0,7.0,7.7,11.5,192.6,95.3,11.0,64.0,7.0,6.1,6.7,,,31.11,22,16,760,47.5,35,689,43.1,64,2,12.5%,8,50.0%,0,11,20,982,49.1,0,18.0,145.0,585.0,3.0,4.0,117.0,-0.08,1.0,133.0,782.0,7.0,60.0,5.9,156.4,6.0,21.43,9.0,3.0,8.0,,,,,,11.0,1.0,2.0,,9.0,9.0,8.0,9.0,,101.0,20.2,9.0,7.0,7.0,1.0,,,,,15.0,2.0,2.0,,13.0,13.0,9.0,12.0,,134.0,26.8,156.0,100.0,1175.0,8.0,8.8,714.0,542.0,49.0,27.1%,5.0,2.8%,12.0,7.7%,15.0,32.0,17.7%,32.0,12,101,1760,316,5.6,3,1,98,100,156,1175,8,2,6.9,60,145,585,3,4,30,37,296,8,36.5,5.8,-16.37,9,134,1745,290,6,3,2,96,89,146,963,7,1,6.1,45,133,782,7,5.9,38,37,271,13,46.9,6.1,41.05
